Elite,tr
pAura,tr
Brave,tr
reazy,tr
QutionerX,tr
lauress,tr
Boaster,gb
Leo,se
Derke,fi
Chronicle,ru
Alfajer,tr
MrFaliN,tr
yetujey,tr
AtaKaptan,tr
cNed,tr
qRaxs,tr
Redgar,ru
Fit1nho,es
nukkye,lt
hoody,fi
Cloud,ru
MAGNUM,cz
tomaszy,pt
N4RRATE,us
marteen,cz
sh1n,fr
ANGE1,ua
Shao,un
Zyppan,se
SUYGETSU,un
ardiis,lv
Boo,lt
MiniBoo,lt
Wo0t,tr
RieNs,tr
benjyfishy,en
paTiTek,pl
koldamenta,es
starxo,pl
sheydos,ru
Enzo,fr
Jamppi,fi
nAts,ru
Mistic,gb
Keiko,gb
Harmii,de
ceNder,lt
Destrian,lt
Kicks,ee
runneR,mk
Sayf,se
trexx,ru