JoXJo,kr
neth,jp
Meiy,jp
popogachi,jp
Suggest,kr
SSeeS,jp
Anthem,jp
stax,kr
Flashback,kr
BuZz,kr
MaKo,kr
Foxy9,kr
Munchkin,kr
t3xture,kr
Meteor,kr
Lakia,kr
Karon,kr
Russ,gb
blaZek1ng,id
Lightningfast,in
Polvi,fi
Benkai,sg
xffero,id
2ge,ph
Lmemore,id
Jemkin,ru
Estrella,kr
fl1pzjder,id
Carpe,kr
Sayaplayer,kr
Rossy,us
iZu,kr
xccurate,id
xeta,kr
Crws,th
JitBoyS,th
Surf,th
lenne,sg
ban,kr
Governor,kr
Patiphan,th
JessieVash,ph
invy,ph
BORKUM,ph
Jremy,ph
NDG,ph
mindfreak,id
f0rsakeN,id
d4v41,my
something,ru
Monyet,id
Jinggg,sg
Laz,jp
yuran,jp
hiroronn,jp
Dep,jp
SugarZ3ro,jp
