name,country
Boostio,us
bang,us
Cryocells,us
eeiu,ca
Asuna,us
vanity,us
Xeppaa,us
jakee,us
OXY,us
wippie,ru
NaturE,us
Derrek,us
supamen,us
Apoth,ca
jawgemo,kh
kon4n,br
mwzera,br
liazzi,br
havoc,br
Khalil,br
Melser,cl
keznit,cl
Klaus,ar
mta,cl
Shyy,cl
kiNgg,cl
tex,de
Mazino,cl
aspas,br
C0M,us
nzr,ar
saadhak,ar
Quick,br
Less,br
tuyz,br
cauanzin,br
jzz,br
mazin,br
artzin,br
RgLMeister,br
frz,br
Ethan,us
crashies,us
Victor,us
Marved,ca
Demon1,us
johnqt,ma
pANcada,br
TenZ,ca
zekken,us
Sacy,br
Zellsis,us
SicK,us
valyn,us
trent,us
JonahP,ca
neT,us
leaf,us
X3B,cn
bunt,cn
monk,cn
deLb,id
Spitfires,cn
sword9,cn
B3ar,cn
whzy,cn
Knight,cn
Yosemite,cn
Biank,cn
Haodong,cn
ZmjjKK,cn
nobody,cn
Muggle,cn
CHICHOO,cn
Smoggy,cn
BerLIN,tw
Autumn,au
Life,cn
AAAAY,cn
Lysoar,cn
stew,kr
Viva,cn
jkuro,cn
YiHao,cn
MarT1n,cn
PangH,cn
o0o0o,cn
OBONE,cn
CB,cn
GuanG,cn
neveR,ru
Kai,cn
cxyy,cn
FengF,cn
Flex1n,cn
YOU,hk
heybay,hk
XYG,cn
LockM,cn
QiuYe,cn
B1ack,cn
shameless,cn
Abo,cn
kawaii,cn
Rb,kr
mikiya,cn
slowly,cn
LuoK1ng,cn
Ninebody,cn
ICEKING,cn
AAK,cn
hfmi0dzjc9z7,cn
Yuicaw,tw
Spring,tw
alulba,cn
coldfish,cn
pl1xx,au
Babyblue,cn
Cyah,hk
FFs,mo
nizhaoTZH,cn
vo0kashu,ru
Nicc,tw
TvirusLuke,tw
Dingwei,cn
Shion7,cn
HaTo,cn
Elite,tr
pAura,tr
Brave,tr
reazy,tr
QutionerX,tr
Boaster,gb
Leo,se
Derke,fi
Chronicle,ru
Alfajer,tr
MrFaliN,tr
yetujey,tr
AtaKaptan,tr
cNed,tr
qRaxs,tr
Redgar,ru
Fit1nho,es
nukkye,lt
hoody,fi
Cloud,ru
MAGNUM,cz
tomaszy,pt
N4RRATE,us
marteen,cz
sh1n,fr
ANGE1,ua
Shao,un
Zyppan,se
SUYGETSU,un
ardiis,lv
Boo,lt
MiniBoo,lt
Wo0t,tr
RieNs,tr
benjyfishy,en
paTiTek,pl
starxo,pl
kamo,pl
ShadoW,se
grubinho,pl
sheydos,ru
Enzo,fr
Jamppi,fi
nAts,ru
Mistic,gb
Keiko,gb
Harmii,de
ceNder,lt
Destrian,lt
Kicks,ee
runneR,mk
Sayf,se
trexx,ru
beyAz,fr
TakaS,fr
nataNk,fr
Wailers,fr
logaN,fr
Medusa,kr
neth,jp
Meiy,jp
popogachi,jp
Anthem,jp
SSeeS,jp
stax,kr
Flashback,kr
BuZz,kr
MaKo,kr
Foxy9,kr
Munchkin,kr
t3xture,kr
Meteor,kr
Lakia,kr
Karon,kr
Russ,gb
blaZek1ng,id
Lightningfast,in
Polvi,fi
Benkai,sg
Bazzi,kr
xffero,id
2ge,ph
Lmemore,id
Jemkin,ru
Estrella,kr
fl1pzjder,id
Carpe,kr
Sayaplayer,kr
Rossy,us
iZu,kr
xccurate,id
Crws,th
JitBoyS,th
Surf,th
lenne,sg
ban,kr
Governor,kr
Patiphan,th
JessieVash,ph
invy,ph
BORKUM,ph
Jremy,ph
NDG,ph
mindfreak,id
f0rsakeN,id
d4v41,my
something,ru
Monyet,id
Jinggg,sg
Laz,jp
yuran,jp
hiroronn,jp
Dep,jp
SugarZ3ro,jp
crazyguy,vn
sScary,th
Deryeon,sg
yay,us
Egoist,sg
